{"train_loss": 1.0318047317929007e-06, "val_loss": 0.0, "_timestamp": 1670182324.9322238, "_runtime": 575.779275894165, "_step": 1, "_wandb": {"runtime": 575}}