{"train_loss": 4.298153820366531e-07, "val_loss": 8.130635521995191e-08, "_timestamp": 1670161769.8152587, "_runtime": 439.1530268192291, "_step": 1, "_wandb": {"runtime": 438}}