{"train_loss": 0.0809026402660593, "val_loss": 1.629057302514931e-06, "_timestamp": 1670166600.3464296, "_runtime": 251.17765069007874, "_step": 0}