{"train_loss": 0.6530302074309942, "val_loss": 0.6652679187910897, "val_acc": 0.33499038938492065, "_timestamp": 1670248759.1249216, "_runtime": 218.1284694671631, "_step": 1, "_wandb": {"runtime": 218}}