{"train_loss": 0.579038109098162, "val_loss": 0.6464826663335165, "val_acc": 0.3540493435329861, "_timestamp": 1670327640.1815467, "_runtime": 746.415495634079, "_step": 9, "_wandb": {"runtime": 746}}