{"train_loss": 0.005291698930962985, "val_loss": 5.8595240704149646e-08, "_timestamp": 1670162167.728065, "_runtime": 238.78196096420288, "_step": 0}