{"train_loss": 0.7122896931001118, "val_loss": 0.7359620869159699, "val_acc": 0.26403808593749994, "_timestamp": 1670325914.7059097, "_runtime": 799.9869418144226, "_step": 9, "_wandb": {"runtime": 821}}