{"train_loss": 0.7108328455203289, "val_loss": 0.7343806198665074, "val_acc": 0.26562142857142856, "_timestamp": 1670246599.100309, "_runtime": 493.29621481895447, "_step": 1, "_wandb": {"runtime": 493}}