{"train_loss": 0.5905349791586936, "val_loss": 0.5277587100863457, "val_acc": 0.47987548828125004, "_timestamp": 1670323015.7979946, "_runtime": 162.1610016822815, "_step": 1, "_wandb": {"runtime": 183}}